name,brand,categories,price,reviews
"HILL'S PRESCRIPTION DIET c/d Multicare Urinary Care Chicken Flavor Dry Dog Food, 27.5-lb bag",Hill's Prescription Diet,Dog/Food/Veterinary Diets/Urinary Tract Health/Dry Food,$100.99,685 Reviews
"COBALT AQUATICS Shrimp Pellets Fish Food, 20-oz bottle",Cobalt Aquatics,Fish/Food,$23.89,
"REEFLOWERS pH Minus Aquarium Water Treatment, 34-oz bottle",Reeflowers,Fish/Water Care/pH Treatments,$17.92,
"OMEGA ONE Sinking Veggie Rounds Freshwater & Saltwater Fish Food, 2-oz jar",Omega One,Fish/Food,$6.11,33 Reviews
"AQUEON LED MiniCube Aquarium Starter Kit, 1.6-gal",Aqueon,Fish/Tanks & Aquariums,$31.38,29 Reviews
"HIKARI Sinking Wafers Bottom Feeders Fish Food, 3.88-oz pouch",Hikari,Fish/Food,$8.00,23 Reviews
"COBALT AQUATICS Ultra Betta Floating Pellet Fish Food, 2.4-oz bottle",Cobalt Aquatics,Fish/Food,$7.57,5 Reviews
"PURE WATER PEBBLES Coated Aquarium Gravel, Jet Black, 5-lb bag",Pure Water Pebbles,Reptile/Bedding & Substrate/Sand & Gravel,$4.99,132 Reviews
"TETRAFin Goldfish Flakes Fish Food, 7.06-oz jar",Tetra,Fish/Pond Shop,$7.34,156 Reviews
"FLUVAL Arctic Krill Color Enhancing Pellet Fish Food, 3.17-oz jar",Fluval,Fish/Food,$5.28,5 Reviews
"TETRA Color Tropical Flakes Fish Food, 2.20-oz jar",Tetra,Fish/Food,$9.99,16 Reviews
"KORDON AmQuel Plus Ammonia Detoxifier Aquarium Water Conditioner, 4-oz bottle",Kordon,Fish/Water Care/Algaecides & Water Clarity,$6.00,
TRIXIE Mica Platform Cat Scratching Post,Trixie,"Cat/Trees, Condos & Scratchers/Trees & Condos/Small (30"" & Below)",$21.99,2 Reviews
"COBALT AQUATICS Brine Shrimp Flakes Fish Food, 2-lb bucket",Cobalt Aquatics,Fish/Food,$97.91,
"YAHEETECH Multi-Level 64.5-in Cat Tree, Dark Gray",Yaheetech,"Cat/Trees, Condos & Scratchers/Trees & Condos/Large (60 - 69"")",$87.99,41 Reviews
"SENTINEL Tablet for Dogs, 51-100 lbs, (White Box), 6 Tablets (6-mos. supply)",Sentinel,Dog/Flea & Tick/Pills & Chewables,$72.49,185 Reviews
"AQUEON Mini Cichlid Pellet Fish Food, 8.5-oz bag",Aqueon,Fish/Food,$3.50,20 Reviews
"FRISCO Stainless Steel Personalized Dog & Cat ID Tag, Heart, Silver, Regular",,,, Reviews
"NEXGARD Chew for Dogs, 4-10 lbs, (Orange Box), 3 Chews (3-mos. supply)",,,, Reviews
"INTERCEPTOR PLUS Chew for Dogs, 8.1-25 lbs, (Green Box), 6 Chews (6-mos. supply)",,,, Reviews
"HEARTGARD Plus Chew for Dogs, 51-100 lbs, (Brown Box), 6 Chews (6-mos. supply)",,,, Reviews
"REVOLUTION Topical Solution for Dogs, 20.1-40 lbs, (Red Box), 6 Doses (6-mos. supply)",Revolution,Pharmacy/Dog Pharmacy/Ear & Eye Care/Ear Medicine,$137.99,68 Reviews
"TRIFEXIS Chewable Tablet for Dogs, 60.1-120 lbs, (Brown Box), 6 Chewable Tablets (6-mos. supply)",,,, Reviews
